cpu001;327;966217823;400SN39173;CPU - Bodg50-9051-900-0017 GMR ESC   ;sputnik;Compumax ;Equipo de Computo;0;Compumax;500;campus;CPU;-
cpu006;327;966217823;400SN39198;CPU - Bodg50-9051-900-0017 GMR ESC   ;sputnik;Compumax ;Equipo de Computo;0;Compumax;500;campus;CPU;-
cpu007;327;966217823;102SN55107;CPU - Bodg50-9051-900-0017 GMR ESC   ;sputnik;Compumax ;Equipo de Computo;0;Compumax;500;campus;CPU;-
cpu008;327;966217823;102SN55106;CPU - Bodg50-9051-900-0017 GMR ESC   ;sputnik;Compumax ;Equipo de Computo;0;Compumax;500;campus;CPU;-
cpu009;327;966217823;400SN39204;CPU - Bodg50-9051-900-0017 GMR ESC   ;sputnik;Compumax ;Equipo de Computo;0;Compumax;500;campus;CPU;-
cpu010;327;966217823;400SN39214;CPU - Bodg50-9051-900-0017 GMR ESC   ;sputnik;Compumax ;Equipo de Computo;0;Compumax;500;campus;CPU;-
cpu011;327;966217823;400SN39189;CPU - Bodg50-9051-900-0017 GMR ESC   ;sputnik;Compumax ;Equipo de Computo;0;Compumax;500;campus;CPU;-
cpu012;327;966217823;400SN39223;CPU - Bodg50-9051-900-0017 GMR ESC   ;sputnik;Compumax ;Equipo de Computo;0;Compumax;500;campus;CPU;-
cpu013;327;966217823;400SN39229;CPU - Bodg50-9051-900-0017 GMR ESC   ;sputnik;Compumax ;Equipo de Computo;0;Compumax;500;campus;CPU;-
cpu014;327;966217823;400SN39178;CPU - Bodg50-9051-900-0017 GMR ESC   ;sputnik;Compumax ;Equipo de Computo;0;Compumax;500;campus;CPU;-
cpu015;327;966217823;400SN39196;CPU - Bodg50-9051-900-0017 GMR ESC   ;sputnik;Compumax ;Equipo de Computo;0;Compumax;500;campus;CPU;-
cpu016;327;966217823;102SN55081;CPU - Bodg50-9051-900-0017 GMR ESC   ;sputnik;Compumax ;Equipo de Computo;0;Compumax;500;campus;CPU;-
cpu017;327;966217823;400SN39183;CPU - Bodg50-9051-900-0017 GMR ESC   ;sputnik;Compumax ;Equipo de Computo;0;Compumax;500;campus;CPU;-
cpu018;327;966217823;102SN55098;CPU - Bodg50-9051-900-0017 GMR ESC   ;sputnik;Compumax ;Equipo de Computo;0;Compumax;500;campus;CPU;-
cpu019;327;966217823;102SN55108;CPU - Bodg50-9051-900-0017 GMR ESC   ;sputnik;Compumax ;Equipo de Computo;0;Compumax;500;campus;CPU;-
cpu020;327;966217823;400SN39224;CPU - Bodg50-9051-900-0017 GMR ESC   ;sputnik;Compumax ;Equipo de Computo;0;Compumax;500;campus;CPU;-
cpu021;327;966217823;400SN39179;CPU - Bodg50-9051-900-0017 GMR ESC   ;sputnik;Compumax ;Equipo de Computo;0;Compumax;500;campus;CPU;-
cpu022;327;966217823;102SN55092;CPU - Bodg50-9051-900-0017 GMR ESC   ;sputnik;Compumax ;Equipo de Computo;0;Compumax;500;campus;CPU;-
cpu023;327;966217823;400SN39187;CPU - Bodg50-9051-900-0017 GMR ESC   ;sputnik;Compumax ;Equipo de Computo;0;Compumax;500;campus;CPU;-
cpu024;327;966217823;400SN39200;CPU - Bodg50-9051-900-0017 GMR ESC   ;sputnik;Compumax ;Equipo de Computo;0;Compumax;500;campus;CPU;-
cpu025;327;966217823;102SN55091;CPU - Bodg50-9051-900-0017 GMR ESC   ;sputnik;Compumax ;Equipo de Computo;0;Compumax;500;campus;CPU;-
cpu026;327;966217823;400SN39237;CPU - Bodg50-9051-900-0017 GMR ESC   ;sputnik;Compumax ;Equipo de Computo;0;Compumax;500;campus;CPU;-
cpu027;327;966217823;102SN55099;CPU - Bodg50-9051-900-0017 GMR ESC   ;sputnik;Compumax ;Equipo de Computo;0;Compumax;500;campus;CPU;-
cpu028;327;966217823;400SN39184;CPU - Bodg50-9051-900-0017 GMR ESC   ;sputnik;Compumax ;Equipo de Computo;0;Compumax;500;campus;CPU;-
cpu029;327;966217823;400SN39180;CPU - Bodg50-9051-900-0017 GMR ESC   ;sputnik;Compumax ;Equipo de Computo;0;Compumax;500;campus;CPU;-
cpu030;327;966217823;400SN39199;CPU - Bodg50-9051-900-0017 GMR ESC   ;sputnik;Compumax ;Equipo de Computo;0;Compumax;500;campus;CPU;-
cpu031;327;966217823;102SN55105;CPU - Bodg50-9051-900-0017 GMR ESC   ;sputnik;Compumax ;Equipo de Computo;0;Compumax;500;campus;CPU;-
cpu032;327;966217823;102SN55097;CPU - Bodg50-9051-900-0017 GMR ESC   ;sputnik;Compumax ;Equipo de Computo;0;Compumax;500;campus;CPU;-
cpu033;327;966217823;102SN55104;CPU - Bodg50-9051-900-0017 GMR ESC   ;sputnik;Compumax ;Equipo de Computo;0;Compumax;500;campus;CPU;-
cpu034;327;966217823;102SN55084;CPU - Bodg50-9051-900-0017 GMR ESC   ;sputnik;Compumax ;Equipo de Computo;0;Compumax;500;campus;CPU;-
cpu035;327;966217823;400SN39194;CPU - Bodg50-9051-900-0017 GMR ESC   ;sputnik;Compumax ;Equipo de Computo;0;Compumax;500;campus;CPU;-
cpu036;327;966217823;Sin serial ;CPU-Bodg50-9048-900-0044 GMRESC R3;sputnik;Compumax ;Equipo de Computo;0;Compumax;500;campus;CPU;-
cpu037;327;966217823;400SN39175;CPU-Bodg50-9048-900-0044 GMRESC R3;Apolo;Compumax ;Equipo de Computo;0;Compumax;500;campus;CPU;-
cpu038;327;966217823;400SN39206;CPU-Bodg50-9048-900-0044 GMRESC R3;Apolo;Compumax ;Equipo de Computo;0;Compumax;500;campus;CPU;-
cpu039;327;966217823;400SN39212;CPU-Bodg50-9048-900-0044 GMRESC R3;Apolo;Compumax ;Equipo de Computo;0;Compumax;500;campus;CPU;-
cpu040;327;966217823;400SN39217;CPU-Bodg50-9048-900-0044 GMRESC R3;Apolo;Compumax ;Equipo de Computo;0;Compumax;500;campus;CPU;-
cpu041;327;966217823;400SN39203;CPU-Bodg50-9048-900-0044 GMRESC R3;Apolo;Compumax ;Equipo de Computo;0;Compumax;500;campus;CPU;-
cpu042;327;966217823;400SN39201;CPU-Bodg50-9048-900-0044 GMRESC R3;Apolo;Compumax ;Equipo de Computo;0;Compumax;500;campus;CPU;-
cpu043;327;966217823;400SN39207;CPU-Bodg50-9048-900-0044 GMRESC R3;Apolo;Compumax ;Equipo de Computo;0;Compumax;500;campus;CPU;-
cpu044;327;966217823;400SN39170;CPU-Bodg50-9048-900-0044 GMRESC R3;Apolo;Compumax ;Equipo de Computo;0;Compumax;500;campus;CPU;-
cpu045;327;966217823;400SN39193;CPU-Bodg50-9048-900-0044 GMRESC R3;Apolo;Compumax ;Equipo de Computo;0;Compumax;500;campus;CPU;-
cpu046;327;966217823;400SN39213;CPU-Bodg50-9048-900-0044 GMRESC R3;Apolo;Compumax ;Equipo de Computo;0;Compumax;500;campus;CPU;-
cpu047;327;966217823;400SN39197;CPU-Bodg50-9048-900-0044 GMRESC R3;Apolo;Compumax ;Equipo de Computo;0;Compumax;500;campus;CPU;-
cpu048;327;966217823;102SN55078;CPU-Bodg50-9048-900-0044 GMRESC R3;Apolo;Compumax ;Equipo de Computo;0;Compumax;500;campus;CPU;-
cpu049;327;966217823;102SN55085;CPU-Bodg50-9048-900-0044 GMRESC R3;Apolo;Compumax ;Equipo de Computo;0;Compumax;500;campus;CPU;-
cpu050;327;966217823;400SN39233;CPU-Bodg50-9048-900-0044 GMRESC R3;Apolo;Compumax ;Equipo de Computo;0;Compumax;500;campus;CPU;-
cpu051;327;966217823;102SN55082;CPU-Bodg50-9048-900-0044 GMRESC R3;Apolo;Compumax ;Equipo de Computo;0;Compumax;500;campus;CPU;-
cpu052;327;966217823;102SN55101;CPU-Bodg50-9048-900-0044 GMRESC R3;Apolo;Compumax ;Equipo de Computo;0;Compumax;500;campus;CPU;-
cpu053;327;966217823;400SN39192;CPU-Bodg50-9048-900-0044 GMRESC R3;Apolo;Compumax ;Equipo de Computo;0;Compumax;500;campus;CPU;-
cpu054;327;966217823;400SN39181;CPU-Bodg50-9048-900-0044 GMRESC R3;Apolo;Compumax ;Equipo de Computo;0;Compumax;500;campus;CPU;-
cpu055;327;966217823;400SN39195;CPU-Bodg50-9048-900-0044 GMRESC R3;Apolo;Compumax ;Equipo de Computo;0;Compumax;500;campus;CPU;-
cpu056;327;966217823;400SN39232;CPU-Bodg50-9048-900-0044 GMRESC R3;Apolo;Compumax ;Equipo de Computo;0;Compumax;500;campus;CPU;-
cpu057;327;966217823;400SN39231;CPU-Bodg50-9048-900-0044 GMRESC R3;Apolo;Compumax ;Equipo de Computo;0;Compumax;500;campus;CPU;-
cpu058;327;966217823;400SN39171;CPU-Bodg50-9048-900-0044 GMRESC R3;Apolo;Compumax ;Equipo de Computo;0;Compumax;500;campus;CPU;-
cpu059;327;966217823;400SN39220;CPU-Bodg50-9048-900-0044 GMRESC R3;Apolo;Compumax ;Equipo de Computo;0;Compumax;500;campus;CPU;-
cpu060;327;966217823;102SN55100;CPU-Bodg50-9048-900-0044 GMRESC R3;Apolo;Compumax ;Equipo de Computo;0;Compumax;500;campus;CPU;-
cpu061;327;966217823;400SN39236;CPU-Bodg50-9048-900-0044 GMRESC R3;Apolo;Compumax ;Equipo de Computo;0;Compumax;500;campus;CPU;-
cpu062;327;966217823;400SN39216;CPU-Bodg50-9048-900-0044 GMRESC R3;Apolo;Compumax ;Equipo de Computo;0;Compumax;500;campus;CPU;-
cpu063;327;966217823;400SN39176;CPU-Bodg50-9048-900-0044 GMRESC R3;Apolo;Compumax ;Equipo de Computo;0;Compumax;500;campus;CPU;-
cpu064;327;966217823;102SN55077;CPU-Bodg50-9048-900-0044 GMRESC R3;Apolo;Compumax ;Equipo de Computo;0;Compumax;500;campus;CPU;-
cpu065;327;966217823;400SN39211;CPU-Bodg50-9048-900-0044 GMRESC R3;Apolo;Compumax ;Equipo de Computo;0;Compumax;500;campus;CPU;-
cpu066;327;966217823;400SN39219;CPU-Bodg50-9048-900-0044 GMRESC R3;Apolo;Compumax ;Equipo de Computo;0;Compumax;500;campus;CPU;-
cpu067;327;966217823;102SN55093;CPU-Bodg50-9048-900-0044 GMRESC R3;Apolo;Compumax ;Equipo de Computo;0;Compumax;500;campus;CPU;-
cpu068;327;966217823;400SN39210;CPU-Bodg50-9048-900-0044 GMRESC R3;Apolo;Compumax ;Equipo de Computo;0;Compumax;500;campus;CPU;-
cpu069;327;966217823;400SN39168;CPU-Bodg50-9048-900-0044 GMRESC R3;Apolo;Compumax ;Equipo de Computo;0;Compumax;500;campus;CPU;-
cpu070;327;966217823;400SN39191;CPU-Bodg50-9048-900-0044 GMRESC R3;Apolo;Compumax ;Equipo de Computo;0;Compumax;500;campus;CPU;-
cpu071;327;966217823;102SN55080;CPU-Bodg50-9048-900-0044 GMRESC R3;Artemis;Compumax ;Equipo de Computo;0;Compumax;500;campus;CPU;-
cpu072;327;966217823;400SN39221;CPU-Bodg50-9048-900-0044 GMRESC R3;Artemis;Compumax ;Equipo de Computo;0;Compumax;500;campus;CPU;-
cpu073;327;966217823;400SN39230;CPU-Bodg50-9048-900-0044 GMRESC R3;Artemis;Compumax ;Equipo de Computo;0;Compumax;500;campus;CPU;-
cpu074;327;966217823;102SN55089;CPU-Bodg50-9048-900-0044 GMRESC R3;Artemis;Compumax ;Equipo de Computo;0;Compumax;500;campus;CPU;-
cpu075;327;966217823;400SN39202;CPU-Bodg50-9048-900-0044 GMRESC R3;Artemis;Compumax ;Equipo de Computo;0;Compumax;500;campus;CPU;-
cpu076;327;966217823;102SN55088;CPU-Bodg50-9048-900-0044 GMRESC R3;Artemis;Compumax ;Equipo de Computo;0;Compumax;500;campus;CPU;-
cpu077;327;966217823;400SN39226;CPU-Bodg50-9048-900-0044 GMRESC R3;Artemis;Compumax ;Equipo de Computo;0;Compumax;500;campus;CPU;-
cpu078;327;966217823;400SN39235;CPU-Bodg50-9048-900-0044 GMRESC R3;Artemis;Compumax ;Equipo de Computo;0;Compumax;500;campus;CPU;-
cpu079;327;966217823;400SN39188;CPU-Bodg50-9048-900-0044 GMRESC R3;Artemis;Compumax ;Equipo de Computo;0;Compumax;500;campus;CPU;-
cpu080;327;966217823;400SN39209;CPU-Bodg50-9048-900-0044 GMRESC R3;Artemis;Compumax ;Equipo de Computo;0;Compumax;500;campus;CPU;-
cpu081;327;966217823;102SN55110;CPU-Bodg50-9048-900-0044 GMRESC R3;Artemis;Compumax ;Equipo de Computo;0;Compumax;500;campus;CPU;-
cpu082;327;966217823;102SN55109;CPU-Bodg50-9048-900-0044 GMRESC R3;Artemis;Compumax ;Equipo de Computo;0;Compumax;500;campus;CPU;-
cpu083;327;966217823;102SN55103;CPU-Bodg50-9048-900-0044 GMRESC R3;Artemis;Compumax ;Equipo de Computo;0;Compumax;500;campus;CPU;-
cpu084;327;966217823;400SN39222;CPU-Bodg50-9048-900-0044 GMRESC R3;Artemis;Compumax ;Equipo de Computo;0;Compumax;500;campus;CPU;-
cpu085;327;966217823;102SN55090;CPU-Bodg50-9048-900-0044 GMRESC R3;Artemis;Compumax ;Equipo de Computo;0;Compumax;500;campus;CPU;-
cpu086;327;966217823;102SN55076;CPU-Bodg50-9048-900-0044 GMRESC R3;Artemis;Compumax ;Equipo de Computo;0;Compumax;500;campus;CPU;-
cpu087;327;966217823;400SN39225;CPU-Bodg50-9048-900-0044 GMRESC R3;Artemis;Compumax ;Equipo de Computo;0;Compumax;500;campus;CPU;-
cpu088;327;966217823;102SN55094;CPU-Bodg50-9048-900-0044 GMRESC R3;Artemis;Compumax ;Equipo de Computo;0;Compumax;500;campus;CPU;-
cpu089;327;966217823;400SN39228;CPU-Bodg50-9048-900-0044 GMRESC R3;Artemis;Compumax ;Equipo de Computo;0;Compumax;500;campus;CPU;-
cpu090;327;966217823;400SN39205;CPU-Bodg50-9048-900-0044 GMRESC R3;Artemis;Compumax ;Equipo de Computo;0;Compumax;500;campus;CPU;-
cpu091;327;966217823;102SN55087;CPU-Bodg50-9048-900-0044 GMRESC R3;Artemis;Compumax ;Equipo de Computo;0;Compumax;500;campus;CPU;-
cpu092;327;966217823;400SN39177;CPU-Bodg50-9048-900-0044 GMRESC R3;Artemis;Compumax ;Equipo de Computo;0;Compumax;500;campus;CPU;-
cpu093;327;966217823;102SN55102;CPU-Bodg50-9048-900-0044 GMRESC R3;Artemis;Compumax ;Equipo de Computo;0;Compumax;500;campus;CPU;-
cpu094;327;966217823;400SN39234;CPU-Bodg50-9048-900-0044 GMRESC R3;Artemis;Compumax ;Equipo de Computo;0;Compumax;500;campus;CPU;-
cpu095;327;966217823;400SN39174;CPU-Bodg50-9048-900-0044 GMRESC R3;Artemis;Compumax ;Equipo de Computo;0;Compumax;500;campus;CPU;-
cpu096;327;966217823;102SN55095;CPU-Bodg50-9048-900-0044 GMRESC R3;Artemis;Compumax ;Equipo de Computo;0;Compumax;500;campus;CPU;-
cpu097;327;966217823;102SN55086;CPU-Bodg50-9048-900-0044 GMRESC R3;Artemis;Compumax ;Equipo de Computo;0;Compumax;500;campus;CPU;-
cpu098;327;966217823;400SN39172;CPU-Bodg50-9048-900-0044 GMRESC R3;Artemis;Compumax ;Equipo de Computo;0;Compumax;500;campus;CPU;-
cpu099;327;966217823;102SN55083;CPU-Bodg50-9048-900-0044 GMRESC R3;Artemis;Compumax ;Equipo de Computo;0;Compumax;500;campus;CPU;-
cpu100;327;966217823;400SN39215;CPU-Bodg50-9048-900-0044 GMRESC R3;Artemis;Compumax ;Equipo de Computo;0;Compumax;500;campus;CPU;-
cpu101;327;966217823;400SN39227;CPU-Bodg50-9048-900-0044 GMRESC R3;Artemis;Compumax ;Equipo de Computo;0;Compumax;500;campus;CPU;-
cpu102;327;966217823;400SN39169;CPU-Bodg50-9048-900-0044 GMRESC R3;Artemis;Compumax ;Equipo de Computo;0;Compumax;500;campus;CPU;-
cpu103;327;966217823;500SN32576;CPU - Bodg50 - 4051 -900 - 0005R5;Skylab;Compumax ;Equipo de Computo;0;Compumax;500;campus;CPU;-
cpu104;327;966217823;500SN32598;CPU - Bodg50 - 4051 -900 - 0005R5;Skylab;Compumax ;Equipo de Computo;0;Compumax;500;campus;CPU;-
cpu105;327;966217823;500SN32557;CPU - Bodg50 - 4051 -900 - 0005R5;Skylab;Compumax ;Equipo de Computo;0;Compumax;500;campus;CPU;-
cpu106;327;966217823;500SN32564;CPU - Bodg50 - 4051 -900 - 0005R5;Skylab;Compumax ;Equipo de Computo;0;Compumax;500;campus;CPU;-
cpu107;327;966217823;500SN32556;CPU - Bodg50 - 4051 -900 - 0005R5;Skylab;Compumax ;Equipo de Computo;0;Compumax;500;campus;CPU;-
cpu108;327;966217823;500SN32571;CPU - Bodg50 - 4051 -900 - 0005R5;Skylab;Compumax ;Equipo de Computo;0;Compumax;500;campus;CPU;-
cpu109;327;966217823;500SN32591;CPU - Bodg50 - 4051 -900 - 0005R5;Skylab;Compumax ;Equipo de Computo;0;Compumax;500;campus;CPU;-
cpu110;327;966217823;500SN32584;CPU - Bodg50 - 4051 -900 - 0005R5;Skylab;Compumax ;Equipo de Computo;0;Compumax;500;campus;CPU;-
cpu111;327;966217823;500SN32627;CPU - Bodg50 - 4051 -900 - 0005R5;Skylab;Compumax ;Equipo de Computo;0;Compumax;500;campus;CPU;-
cpu112;327;966217823;500SN32621;CPU - Bodg50 - 4051 -900 - 0005R5;Skylab;Compumax ;Equipo de Computo;0;Compumax;500;campus;CPU;-
cpu113;327;966217823;500SN32588;CPU - Bodg50 - 4051 -900 - 0005R5;Skylab;Compumax ;Equipo de Computo;0;Compumax;500;campus;CPU;-
cpu114;327;966217823;500SN32626;CPU - Bodg50 - 4051 -900 - 0005R5;Skylab;Compumax ;Equipo de Computo;0;Compumax;500;campus;CPU;-
cpu115;327;966217823;500SN32596;CPU - Bodg50 - 4051 -900 - 0005R5;Skylab;Compumax ;Equipo de Computo;0;Compumax;500;campus;CPU;-
cpu116;327;966217823;500SN32567;CPU - Bodg50 - 4051 -900 - 0005R5;Skylab;Compumax ;Equipo de Computo;0;Compumax;500;campus;CPU;-
cpu117;327;966217823;500SN32585;CPU - Bodg50 - 4051 -900 - 0005R5;Skylab;Compumax ;Equipo de Computo;0;Compumax;500;campus;CPU;-
cpu118;327;966217823;500SN32572;CPU - Bodg50 - 4051 -900 - 0005R5;Skylab;Compumax ;Equipo de Computo;0;Compumax;500;campus;CPU;-
cpu119;327;966217823;500SN32599;CPU - Bodg50 - 4051 -900 - 0005R5;Skylab;Compumax ;Equipo de Computo;0;Compumax;500;campus;CPU;-
cpu120;327;966217823;500SN32581;CPU - Bodg50 - 4051 -900 - 0005R5;Skylab;Compumax ;Equipo de Computo;0;Compumax;500;campus;CPU;-
cpu121;327;966217823;500SN32619;CPU - Bodg50 - 4051 -900 - 0005R5;Skylab;Compumax ;Equipo de Computo;0;Compumax;500;campus;CPU;-
cpu122;327;966217823;500SN32575;CPU - Bodg50 - 4051 -900 - 0005R5;Skylab;Compumax ;Equipo de Computo;0;Compumax;500;campus;CPU;-
cpu123;327;966217823;500SN32595;CPU - Bodg50 - 4051 -900 - 0005R5;asesoria;Compumax ;Equipo de Computo;0;Compumax;500;campus;CPU;-
cpu124;327;966217823;500SN32604;CPU - Bodg50 - 4051 -900 - 0005R5;asesoria;Compumax ;Equipo de Computo;0;Compumax;500;campus;CPU;-
cpu002;327;966217823;400SN39208;CPU - Bodg50-9051-900-0017 GMR ESC   ;sputnik;Compumax ;Equipo de Computo;0;Compumax;500;campus;CPU;-
cpu003;327;966217823;400SN39182;CPU - Bodg50-9051-900-0017 GMR ESC   ;sputnik;Compumax ;Equipo de Computo;0;Compumax;500;campus;CPU;-
cpu004;327;966217823;400SN39190;CPU - Bodg50-9051-900-0017 GMR ESC   ;sputnik;Compumax ;Equipo de Computo;0;Compumax;500;campus;CPU;-
cpu005;327;966217823;400SN39186;CPU - Bodg50-9051-900-0017 GMR ESC   ;sputnik;Compumax ;Equipo de Computo;0;Compumax;500;campus;CPU;-
mon001;327;966217823;COM2024CM21070723;Monitor - Bodg50-9051-900-0017 GMR ESC   ;sputnik;Compumax ;Equipo de Computo;0;Compumax;300;campus;Monitor;-
mon002;327;966217823;COM2024CM21070880;Monitor - Bodg50-9051-900-0017 GMR ESC   ;sputnik;Compumax ;Equipo de Computo;0;Compumax;300;campus;Monitor;-
mon003;327;966217823;COM2024CM21070018;Monitor - Bodg50-9051-900-0017 GMR ESC   ;sputnik;Compumax ;Equipo de Computo;0;Compumax;300;campus;Monitor;-
mon004;327;966217823;COM2024CM21070876;Monitor - Bodg50-9051-900-0017 GMR ESC   ;sputnik;Compumax ;Equipo de Computo;0;Compumax;300;campus;Monitor;-
mon005;327;966217823;COM2024CM21070838;Monitor - Bodg50-9051-900-0017 GMR ESC   ;sputnik;Compumax ;Equipo de Computo;0;Compumax;300;campus;Monitor;-
mon006;327;966217823;COM2024CM21070638;Monitor - Bodg50-9051-900-0017 GMR ESC   ;sputnik;Compumax ;Equipo de Computo;0;Compumax;300;campus;Monitor;-
mon007;327;966217823;COM2024CM21070037;Monitor - Bodg50-9051-900-0017 GMR ESC   ;sputnik;Compumax ;Equipo de Computo;0;Compumax;300;campus;Monitor;-
mon008;327;966217823;COM2024CM21070115;Monitor - Bodg50-9051-900-0017 GMR ESC   ;sputnik;Compumax ;Equipo de Computo;0;Compumax;300;campus;Monitor;-
mon009;327;966217823;COM2024CM21070874;Monitor - Bodg50-9051-900-0017 GMR ESC   ;sputnik;Compumax ;Equipo de Computo;0;Compumax;300;campus;Monitor;-
mon010;327;966217823;COM2024CM21070105;Monitor - Bodg50-9051-900-0017 GMR ESC   ;sputnik;Compumax ;Equipo de Computo;0;Compumax;300;campus;Monitor;-
mon011;327;966217823;COM2024CM21070010;Monitor - Bodg50-9051-900-0017 GMR ESC   ;sputnik;Compumax ;Equipo de Computo;0;Compumax;300;campus;Monitor;-
mon012;327;966217823;COM2024CM21070109;Monitor - Bodg50-9051-900-0017 GMR ESC   ;sputnik;Compumax ;Equipo de Computo;0;Compumax;300;campus;Monitor;-
mon013;327;966217823;COM2024CM21070502;Monitor - Bodg50-9051-900-0017 GMR ESC   ;sputnik;Compumax ;Equipo de Computo;0;Compumax;300;campus;Monitor;-
mon014;327;966217823;COM2024CM21070136;Monitor - Bodg50-9051-900-0017 GMR ESC   ;sputnik;Compumax ;Equipo de Computo;0;Compumax;300;campus;Monitor;-
mon015;327;966217823;COM2024CM21070001;Monitor - Bodg50-9051-900-0017 GMR ESC   ;sputnik;Compumax ;Equipo de Computo;0;Compumax;300;campus;Monitor;-
mon016;327;966217823;COM2024CM21070846;Monitor - Bodg50-9051-900-0017 GMR ESC   ;sputnik;Compumax ;Equipo de Computo;0;Compumax;300;campus;Monitor;-
mon017;327;966217823;COM2024CM21070211;Monitor - Bodg50-9051-900-0017 GMR ESC   ;sputnik;Compumax ;Equipo de Computo;0;Compumax;300;campus;Monitor;-
mon018;327;966217823;COM2024CM21070733;Monitor - Bodg50-9051-900-0017 GMR ESC   ;sputnik;Compumax ;Equipo de Computo;0;Compumax;300;campus;Monitor;-
mon019;327;966217823;COM2024CM21070287;Monitor - Bodg50-9051-900-0017 GMR ESC   ;sputnik;Compumax ;Equipo de Computo;0;Compumax;300;campus;Monitor;-
mon020;327;966217823;COM2024CM21070629;Monitor - Bodg50-9051-900-0017 GMR ESC   ;sputnik;Compumax ;Equipo de Computo;0;Compumax;300;campus;Monitor;-
mon021;327;966217823;COM2024CM21070188;Monitor - Bodg50-9051-900-0017 GMR ESC   ;sputnik;Compumax ;Equipo de Computo;0;Compumax;300;campus;Monitor;-
mon022;327;966217823;COM2024CM21070050;Monitor - Bodg50-9051-900-0017 GMR ESC   ;sputnik;Compumax ;Equipo de Computo;0;Compumax;300;campus;Monitor;-
mon023;327;966217823;COM2024CM21070663;Monitor - Bodg50-9051-900-0017 GMR ESC   ;sputnik;Compumax ;Equipo de Computo;0;Compumax;300;campus;Monitor;-
mon024;327;966217823;COM2024CM21070705;Monitor - Bodg50-9051-900-0017 GMR ESC   ;sputnik;Compumax ;Equipo de Computo;0;Compumax;300;campus;Monitor;-
mon025;327;966217823;COM2024CM21070754;Monitor - Bodg50-9051-900-0017 GMR ESC   ;sputnik;Compumax ;Equipo de Computo;0;Compumax;300;campus;Monitor;-
mon026;327;966217823;COM2024CM21070394;Monitor - Bodg50-9051-900-0017 GMR ESC   ;sputnik;Compumax ;Equipo de Computo;0;Compumax;300;campus;Monitor;-
mon027;327;966217823;COM2024CM21070683;Monitor - Bodg50-9051-900-0017 GMR ESC   ;sputnik;Compumax ;Equipo de Computo;0;Compumax;300;campus;Monitor;-
mon028;327;966217823;COM2024CM21070520;Monitor - Bodg50-9051-900-0017 GMR ESC   ;sputnik;Compumax ;Equipo de Computo;0;Compumax;300;campus;Monitor;-
mon029;327;966217823;COM2024CM21070374;Monitor - Bodg50-9051-900-0017 GMR ESC   ;sputnik;Compumax ;Equipo de Computo;0;Compumax;300;campus;Monitor;-
mon030;327;966217823;COM2024CM21070711;Monitor - Bodg50-9051-900-0017 GMR ESC   ;sputnik;Compumax ;Equipo de Computo;0;Compumax;300;campus;Monitor;-
mon031;327;966217823;COM2024CM21070043;Monitor - Bodg50-9051-900-0017 GMR ESC   ;sputnik;Compumax ;Equipo de Computo;0;Compumax;300;campus;Monitor;-
mon032;327;966217823;COM2024CM21070151;Monitor - Bodg50-9051-900-0017 GMR ESC   ;sputnik;Compumax ;Equipo de Computo;0;Compumax;300;campus;Monitor;-
mon033;327;966217823;COM2024CM21070127;Monitor - Bodg50-9051-900-0017 GMR ESC   ;sputnik;Compumax ;Equipo de Computo;0;Compumax;300;campus;Monitor;-
mon034;327;966217823;COM2024CM21070029;Monitor - Bodg50-9051-900-0017 GMR ESC   ;sputnik;Compumax ;Equipo de Computo;0;Compumax;300;campus;Monitor;-
mon035;327;966217823;COM2024CM21070135;Monitor - Bodg50-9051-900-0017 GMR ESC   ;sputnik;Compumax ;Equipo de Computo;0;Compumax;300;campus;Monitor;-
mon036;327;966217823;COM2024CM21070257;Monitor-Bodg50-9048-900-0044 GMRESC R3;Apolo;Compumax ;Equipo de Computo;0;Compumax;300;campus;Monitor;-
mon037;327;966217823;COM2024CM21070609;Monitor-Bodg50-9048-900-0044 GMRESC R3;Apolo;Compumax ;Equipo de Computo;0;Compumax;300;campus;Monitor;-
mon038;327;966217823;COM2024CM21070778;Monitor-Bodg50-9048-900-0044 GMRESC R3;Apolo;Compumax ;Equipo de Computo;0;Compumax;300;campus;Monitor;-
mon039;327;966217823;COM2024CM21070069;Monitor-Bodg50-9048-900-0044 GMRESC R3;Apolo;Compumax ;Equipo de Computo;0;Compumax;300;campus;Monitor;-
mon040;327;966217823;COM2024CM21070349;Monitor-Bodg50-9048-900-0044 GMRESC R3;Apolo;Compumax ;Equipo de Computo;0;Compumax;300;campus;Monitor;-
mon041;327;966217823;COM2024CM21070004;Monitor-Bodg50-9048-900-0044 GMRESC R3;Apolo;Compumax ;Equipo de Computo;0;Compumax;300;campus;Monitor;-
mon042;327;966217823;COM2024CM21070727;Monitor-Bodg50-9048-900-0044 GMRESC R3;Apolo;Compumax ;Equipo de Computo;0;Compumax;300;campus;Monitor;-
mon043;327;966217823;COM2024CM21070063;Monitor-Bodg50-9048-900-0044 GMRESC R3;Apolo;Compumax ;Equipo de Computo;0;Compumax;300;campus;Monitor;-
mon044;327;966217823;COM2024CM21070203;Monitor-Bodg50-9048-900-0044 GMRESC R3;Apolo;Compumax ;Equipo de Computo;0;Compumax;300;campus;Monitor;-
mon045;327;966217823;COM2024CM21070517;Monitor-Bodg50-9048-900-0044 GMRESC R3;Apolo;Compumax ;Equipo de Computo;0;Compumax;300;campus;Monitor;-
mon046;327;966217823;COM2024CM21070007;Monitor-Bodg50-9048-900-0044 GMRESC R3;Apolo;Compumax ;Equipo de Computo;0;Compumax;300;campus;Monitor;-
mon047;327;966217823;COM2024CM21070008;Monitor-Bodg50-9048-900-0044 GMRESC R3;Apolo;Compumax ;Equipo de Computo;0;Compumax;300;campus;Monitor;-
mon048;327;966217823;COM2024CM21070117;Monitor-Bodg50-9048-900-0044 GMRESC R3;Apolo;Compumax ;Equipo de Computo;0;Compumax;300;campus;Monitor;-
mon049;327;966217823;COM2024CM21070277;Monitor-Bodg50-9048-900-0044 GMRESC R3;Apolo;Compumax ;Equipo de Computo;0;Compumax;300;campus;Monitor;-
mon050;327;966217823;COM2024CM21070406;Monitor-Bodg50-9048-900-0044 GMRESC R3;Apolo;Compumax ;Equipo de Computo;0;Compumax;300;campus;Monitor;-
mon051;327;966217823;COM2024CM21070557;Monitor-Bodg50-9048-900-0044 GMRESC R3;Apolo;Compumax ;Equipo de Computo;0;Compumax;300;campus;Monitor;-
mon052;327;966217823;COM2024CM21070853;Monitor-Bodg50-9048-900-0044 GMRESC R3;Apolo;Compumax ;Equipo de Computo;0;Compumax;300;campus;Monitor;-
mon053;327;966217823;COM2024CM21070893;Monitor-Bodg50-9048-900-0044 GMRESC R3;Apolo;Compumax ;Equipo de Computo;0;Compumax;300;campus;Monitor;-
mon054;327;966217823;COM2024CM21070898;Monitor-Bodg50-9048-900-0044 GMRESC R3;Apolo;Compumax ;Equipo de Computo;0;Compumax;300;campus;Monitor;-
mon055;327;966217823;COM2024CM21070400;Monitor-Bodg50-9048-900-0044 GMRESC R3;Apolo;Compumax ;Equipo de Computo;0;Compumax;300;campus;Monitor;-
mon056;327;966217823;COM2024CM21070761;Monitor-Bodg50-9048-900-0044 GMRESC R3;Apolo;Compumax ;Equipo de Computo;0;Compumax;300;campus;Monitor;-
mon057;327;966217823;COM2024CM21070534;Monitor-Bodg50-9048-900-0044 GMRESC R3;Apolo;Compumax ;Equipo de Computo;0;Compumax;300;campus;Monitor;-
mon058;327;966217823;COM2024CM21070017;Monitor-Bodg50-9048-900-0044 GMRESC R3;Apolo;Compumax ;Equipo de Computo;0;Compumax;300;campus;Monitor;-
mon059;327;966217823;COM2024CM21070281;Monitor-Bodg50-9048-900-0044 GMRESC R3;Apolo;Compumax ;Equipo de Computo;0;Compumax;300;campus;Monitor;-
mon060;327;966217823;COM2024CM21070205;Monitor-Bodg50-9048-900-0044 GMRESC R3;Apolo;Compumax ;Equipo de Computo;0;Compumax;300;campus;Monitor;-
mon061;327;966217823;COM2024CM21070041;Monitor-Bodg50-9048-900-0044 GMRESC R3;Apolo;Compumax ;Equipo de Computo;0;Compumax;300;campus;Monitor;-
mon062;327;966217823;COM2024CM21070712;Monitor-Bodg50-9048-900-0044 GMRESC R3;Apolo;Compumax ;Equipo de Computo;0;Compumax;300;campus;Monitor;-
mon063;327;966217823;COM2024CM21070129;Monitor-Bodg50-9048-900-0044 GMRESC R3;Apolo;Compumax ;Equipo de Computo;0;Compumax;300;campus;Monitor;-
mon064;327;966217823;COM2024CM21070140;Monitor-Bodg50-9048-900-0044 GMRESC R3;Apolo;Compumax ;Equipo de Computo;0;Compumax;300;campus;Monitor;-
mon065;327;966217823;COM2024CM21070316;Monitor-Bodg50-9048-900-0044 GMRESC R3;Apolo;Compumax ;Equipo de Computo;0;Compumax;300;campus;Monitor;-
mon066;327;966217823;COM2024CM21070153;Monitor-Bodg50-9048-900-0044 GMRESC R3;Apolo;Compumax ;Equipo de Computo;0;Compumax;300;campus;Monitor;-
mon067;327;966217823;COM2024CM21070744;Monitor-Bodg50-9048-900-0044 GMRESC R3;Apolo;Compumax ;Equipo de Computo;0;Compumax;300;campus;Monitor;-
mon068;327;966217823;COM2024CM21070830;Monitor-Bodg50-9048-900-0044 GMRESC R3;Apolo;Compumax ;Equipo de Computo;0;Compumax;300;campus;Monitor;-
mon069;327;966217823;COM2024CM21070407;Monitor-Bodg50-9048-900-0044 GMRESC R3;Apolo;Compumax ;Equipo de Computo;0;Compumax;300;campus;Monitor;-
mon070;327;966217823;COM2024CM21070498;Monitor-Bodg50-9048-900-0044 GMRESC R3;Artemis;Compumax ;Equipo de Computo;0;Compumax;300;campus;Monitor;-
mon071;327;966217823;COM2024CM21070464;Monitor-Bodg50-9048-900-0044 GMRESC R3;Artemis;Compumax ;Equipo de Computo;0;Compumax;300;campus;Monitor;-
mon072;327;966217823;COM2024CM21070504;Monitor-Bodg50-9048-900-0044 GMRESC R3;Artemis;Compumax ;Equipo de Computo;0;Compumax;300;campus;Monitor;-
mon073;327;966217823;COM2024CM21070338;Monitor-Bodg50-9048-900-0044 GMRESC R3;Artemis;Compumax ;Equipo de Computo;0;Compumax;300;campus;Monitor;-
mon074;327;966217823;COM2024CM21070759;Monitor-Bodg50-9048-900-0044 GMRESC R3;Artemis;Compumax ;Equipo de Computo;0;Compumax;300;campus;Monitor;-
mon075;327;966217823;COM2024CM21070817;Monitor-Bodg50-9048-900-0044 GMRESC R3;Artemis;Compumax ;Equipo de Computo;0;Compumax;300;campus;Monitor;-
mon076;327;966217823;COM2024CM21070280;Monitor-Bodg50-9048-900-0044 GMRESC R3;Artemis;Compumax ;Equipo de Computo;0;Compumax;300;campus;Monitor;-
mon077;327;966217823;COM2024CM21070668;Monitor-Bodg50-9048-900-0044 GMRESC R3;Artemis;Compumax ;Equipo de Computo;0;Compumax;300;campus;Monitor;-
mon078;327;966217823;COM2024CM21070138;Monitor-Bodg50-9048-900-0044 GMRESC R3;Artemis;Compumax ;Equipo de Computo;0;Compumax;300;campus;Monitor;-
mon079;327;966217823;COM2024CM21070451;Monitor-Bodg50-9048-900-0044 GMRESC R3;Artemis;Compumax ;Equipo de Computo;0;Compumax;300;campus;Monitor;-
mon080;327;966217823;COM2024CM21070012;Monitor-Bodg50-9048-900-0044 GMRESC R3;Artemis;Compumax ;Equipo de Computo;0;Compumax;300;campus;Monitor;-
mon081;327;966217823;COM2024CM21070786;Monitor-Bodg50-9048-900-0044 GMRESC R3;Artemis;Compumax ;Equipo de Computo;0;Compumax;300;campus;Monitor;-
mon082;327;966217823;COM2024CM21070515;Monitor-Bodg50-9048-900-0044 GMRESC R3;Artemis;Compumax ;Equipo de Computo;0;Compumax;300;campus;Monitor;-
mon083;327;966217823;COM2024CM21070386;Monitor-Bodg50-9048-900-0044 GMRESC R3;Artemis;Compumax ;Equipo de Computo;0;Compumax;300;campus;Monitor;-
mon084;327;966217823;COM2024CM21070777;Monitor-Bodg50-9048-900-0044 GMRESC R3;Artemis;Compumax ;Equipo de Computo;0;Compumax;300;campus;Monitor;-
mon085;327;966217823;COM2024CM21070025;Monitor-Bodg50-9048-900-0044 GMRESC R3;Artemis;Compumax ;Equipo de Computo;0;Compumax;300;campus;Monitor;-
mon086;327;966217823;COM2024CM21070137;Monitor-Bodg50-9048-900-0044 GMRESC R3;Artemis;Compumax ;Equipo de Computo;0;Compumax;300;campus;Monitor;-
mon087;327;966217823;COM2024CM21070565;Monitor-Bodg50-9048-900-0044 GMRESC R3;Artemis;Compumax ;Equipo de Computo;0;Compumax;300;campus;Monitor;-
mon088;327;966217823;COM2024CM21070574;Monitor-Bodg50-9048-900-0044 GMRESC R3;Artemis;Compumax ;Equipo de Computo;0;Compumax;300;campus;Monitor;-
mon089;327;966217823;COM2024CM21070092;Monitor-Bodg50-9048-900-0044 GMRESC R3;Artemis;Compumax ;Equipo de Computo;0;Compumax;300;campus;Monitor;-
mon090;327;966217823;COM2024CM21070318;Monitor-Bodg50-9048-900-0044 GMRESC R3;Artemis;Compumax ;Equipo de Computo;0;Compumax;300;campus;Monitor;-
mon091;327;966217823;COM2024CM21070834;Monitor-Bodg50-9048-900-0044 GMRESC R3;Artemis;Compumax ;Equipo de Computo;0;Compumax;300;campus;Monitor;-
mon092;327;966217823;COM2024CM21070199;Monitor-Bodg50-9048-900-0044 GMRESC R3;Artemis;Compumax ;Equipo de Computo;0;Compumax;300;campus;Monitor;-
mon093;327;966217823;COM2024CM21070503;Monitor-Bodg50-9048-900-0044 GMRESC R3;Artemis;Compumax ;Equipo de Computo;0;Compumax;300;campus;Monitor;-
mon094;327;966217823;COM2024CM21070236;Monitor-Bodg50-9048-900-0044 GMRESC R3;Artemis;Compumax ;Equipo de Computo;0;Compumax;300;campus;Monitor;-
mon095;327;966217823;COM2024CM21070097;Monitor-Bodg50-9048-900-0044 GMRESC R3;Artemis;Compumax ;Equipo de Computo;0;Compumax;300;campus;Monitor;-
mon096;327;966217823;COM2024CM21070239;Monitor-Bodg50-9048-900-0044 GMRESC R3;Artemis;Compumax ;Equipo de Computo;0;Compumax;300;campus;Monitor;-
mon097;327;966217823;COM2024CM21070442;Monitor-Bodg50-9048-900-0044 GMRESC R3;Artemis;Compumax ;Equipo de Computo;0;Compumax;300;campus;Monitor;-
mon098;327;966217823;COM2024CM21070223;Monitor-Bodg50-9048-900-0044 GMRESC R3;Artemis;Compumax ;Equipo de Computo;0;Compumax;300;campus;Monitor;-
mon099;327;966217823;COM2024CM21070482;Monitor-Bodg50-9048-900-0044 GMRESC R3;Artemis;Compumax ;Equipo de Computo;0;Compumax;300;campus;Monitor;-
mon100;327;966217823;COM2024CM21070844;Monitor-Bodg50-9048-900-0044 GMRESC R3;Artemis;Compumax ;Equipo de Computo;0;Compumax;300;campus;Monitor;-
mon101;327;966217823;COM2024CM21070418;Monitor-Bodg50-9048-900-0044 GMRESC R3;Artemis;Compumax ;Equipo de Computo;0;Compumax;300;campus;Monitor;-
mon102;327;966217823;COM2024CM21070597;Monitor - Bodg50 - 4051 -900 - 0005R5;Skylab;Compumax ;Equipo de Computo;0;Compumax;300;campus;Monitor;-
mon103;327;966217823;COM2024CM21070864;Monitor - Bodg50 - 4051 -900 - 0005R5;Skylab;Compumax ;Equipo de Computo;0;Compumax;300;campus;Monitor;-
mon104;327;966217823;COM2024CM21070602;Monitor - Bodg50 - 4051 -900 - 0005R5;Skylab;Compumax ;Equipo de Computo;0;Compumax;300;campus;Monitor;-
mon105;327;966217823;COM2024CM21070823;Monitor - Bodg50 - 4051 -900 - 0005R5;Skylab;Compumax ;Equipo de Computo;0;Compumax;300;campus;Monitor;-
mon106;327;966217823;COM2024CM21070855;Monitor - Bodg50 - 4051 -900 - 0005R5;Skylab;Compumax ;Equipo de Computo;0;Compumax;300;campus;Monitor;-
mon107;327;966217823;COM2024CM21070180;Monitor - Bodg50 - 4051 -900 - 0005R5;Skylab;Compumax ;Equipo de Computo;0;Compumax;300;campus;Monitor;-
mon108;327;966217823;COM2024CM21070122;Monitor - Bodg50 - 4051 -900 - 0005R5;Skylab;Compumax ;Equipo de Computo;0;Compumax;300;campus;Monitor;-
mon109;327;966217823;COM2024CM21070784;Monitor - Bodg50 - 4051 -900 - 0005R5;Skylab;Compumax ;Equipo de Computo;0;Compumax;300;campus;Monitor;-
mon110;327;966217823;COM2024CM21070095;Monitor - Bodg50 - 4051 -900 - 0005R5;Skylab;Compumax ;Equipo de Computo;0;Compumax;300;campus;Monitor;-
mon111;327;966217823;COM2024CM21070221;Monitor - Bodg50 - 4051 -900 - 0005R5;Skylab;Compumax ;Equipo de Computo;0;Compumax;300;campus;Monitor;-
mon112;327;966217823;COM2024CM21070836;Monitor - Bodg50 - 4051 -900 - 0005R5;Skylab;Compumax ;Equipo de Computo;0;Compumax;300;campus;Monitor;-
mon113;327;966217823;COM2024CM21070776;Monitor - Bodg50 - 4051 -900 - 0005R5;Skylab;Compumax ;Equipo de Computo;0;Compumax;300;campus;Monitor;-
mon114;327;966217823;COM2024CM21070605;Monitor - Bodg50 - 4051 -900 - 0005R5;Skylab;Compumax ;Equipo de Computo;0;Compumax;300;campus;Monitor;-
mon115;327;966217823;COM2024CM21070511;Monitor - Bodg50 - 4051 -900 - 0005R5;Skylab;Compumax ;Equipo de Computo;0;Compumax;300;campus;Monitor;-
mon116;327;966217823;COM2024CM21070408;Monitor - Bodg50 - 4051 -900 - 0005R5;Skylab;Compumax ;Equipo de Computo;0;Compumax;300;campus;Monitor;-
mon117;327;966217823;COM2024CM21070209;Monitor - Bodg50 - 4051 -900 - 0005R5;Skylab;Compumax ;Equipo de Computo;0;Compumax;300;campus;Monitor;-
mon118;327;966217823;COM2024CM21070285;Monitor - Bodg50 - 4051 -900 - 0005R5;Skylab;Compumax ;Equipo de Computo;0;Compumax;300;campus;Monitor;-
mon119;327;966217823;COM2024CM21070086;Monitor - Bodg50 - 4051 -900 - 0005R5;Skylab;Compumax ;Equipo de Computo;0;Compumax;300;campus;Monitor;-
mon120;327;966217823;COM2024CM21070669;Monitor - Bodg50 - 4051 -900 - 0005R5;Skylab;Compumax ;Equipo de Computo;0;Compumax;300;campus;Monitor;-
mon121;327;966217823;COM2024CM21070692;Monitor - Bodg50 - 4051 -900 - 0005R5;Skylab;Compumax ;Equipo de Computo;0;Compumax;300;campus;Monitor;-
mon122;327;966217823;COM2024CM21070057;Monitor - Bodg50 - 4051 -900 - 0005R5;asesoria;Compumax ;Equipo de Computo;0;Compumax;300;campus;Monitor;-
mon123;327;966217823;COM2024CM21070575;Monitor - Bodg50 - 4051 -900 - 0005R5;asesoria;Compumax ;Equipo de Computo;0;Compumax;300;campus;Monitor;-
mou001;327;966217823;Sin serial ;Mouse - Bodg50-9051-900-0017 GMR ESC   ;sputnik;Compumax ;Equipo de Computo;0;Compumax;35;campus;Mouse;-
mou002;327;966217823;Sin serial ;Mouse - Bodg50-9051-900-0017 GMR ESC   ;sputnik;Compumax ;Equipo de Computo;0;Compumax;35;campus;Mouse;-
mou003;327;966217823;Sin serial ;Mouse - Bodg50-9051-900-0017 GMR ESC   ;sputnik;Compumax ;Equipo de Computo;0;Compumax;35;campus;Mouse;-
mou004;327;966217823;Sin serial ;Mouse - Bodg50-9051-900-0017 GMR ESC   ;sputnik;Compumax ;Equipo de Computo;0;Compumax;35;campus;Mouse;-
mou005;327;966217823;Sin serial ;Mouse - Bodg50-9051-900-0017 GMR ESC   ;sputnik;Compumax ;Equipo de Computo;0;Compumax;35;campus;Mouse;-
mou006;327;966217823;Sin serial ;Mouse - Bodg50-9051-900-0017 GMR ESC   ;sputnik;Compumax ;Equipo de Computo;0;Compumax;35;campus;Mouse;-
mou007;327;966217823;Sin serial ;Mouse - Bodg50-9051-900-0017 GMR ESC   ;sputnik;Compumax ;Equipo de Computo;0;Compumax;35;campus;Mouse;-
mou008;327;966217823;Sin serial ;Mouse - Bodg50-9051-900-0017 GMR ESC   ;sputnik;Compumax ;Equipo de Computo;0;Compumax;35;campus;Mouse;-
mou009;327;966217823;Sin serial ;Mouse - Bodg50-9051-900-0017 GMR ESC   ;sputnik;Compumax ;Equipo de Computo;0;Compumax;35;campus;Mouse;-
mou010;327;966217823;Sin serial ;Mouse - Bodg50-9051-900-0017 GMR ESC   ;sputnik;Compumax ;Equipo de Computo;0;Compumax;35;campus;Mouse;-
mou011;327;966217823;Sin serial ;Mouse - Bodg50-9051-900-0017 GMR ESC   ;sputnik;Compumax ;Equipo de Computo;0;Compumax;35;campus;Mouse;-
mou012;327;966217823;Sin serial ;Mouse - Bodg50-9051-900-0017 GMR ESC   ;sputnik;Compumax ;Equipo de Computo;0;Compumax;35;campus;Mouse;-
mou013;327;966217823;Sin serial ;Mouse - Bodg50-9051-900-0017 GMR ESC   ;sputnik;Compumax ;Equipo de Computo;0;Compumax;35;campus;Mouse;-
mou014;327;966217823;Sin serial ;Mouse - Bodg50-9051-900-0017 GMR ESC   ;sputnik;Compumax ;Equipo de Computo;0;Compumax;35;campus;Mouse;-
mou015;327;966217823;Sin serial ;Mouse - Bodg50-9051-900-0017 GMR ESC   ;sputnik;Compumax ;Equipo de Computo;0;Compumax;35;campus;Mouse;-
mou016;327;966217823;Sin serial ;Mouse - Bodg50-9051-900-0017 GMR ESC   ;sputnik;Compumax ;Equipo de Computo;0;Compumax;35;campus;Mouse;-
mou017;327;966217823;Sin serial ;Mouse - Bodg50-9051-900-0017 GMR ESC   ;sputnik;Compumax ;Equipo de Computo;0;Compumax;35;campus;Mouse;-
mou018;327;966217823;Sin serial ;Mouse - Bodg50-9051-900-0017 GMR ESC   ;sputnik;Compumax ;Equipo de Computo;0;Compumax;35;campus;Mouse;-
mou019;327;966217823;Sin serial ;Mouse - Bodg50-9051-900-0017 GMR ESC   ;sputnik;Compumax ;Equipo de Computo;0;Compumax;35;campus;Mouse;-
mou020;327;966217823;;Mouse - Bodg50-9051-900-0017 GMR ESC   ;sputnik;Compumax ;Equipo de Computo;0;Compumax;35;campus;Mouse;-
mou021;327;966217823;Sin serial ;Mouse - Bodg50-9051-900-0017 GMR ESC   ;sputnik;Compumax ;Equipo de Computo;0;Compumax;35;campus;Mouse;-
mou022;327;966217823;Sin serial ;Mouse - Bodg50-9051-900-0017 GMR ESC   ;sputnik;Compumax ;Equipo de Computo;0;Compumax;35;campus;Mouse;-
mou023;327;966217823;Sin serial ;Mouse - Bodg50-9051-900-0017 GMR ESC   ;sputnik;Compumax ;Equipo de Computo;0;Compumax;35;campus;Mouse;-
mou024;327;966217823;Sin serial ;Mouse - Bodg50-9051-900-0017 GMR ESC   ;sputnik;Compumax ;Equipo de Computo;0;Compumax;35;campus;Mouse;-
mou025;327;966217823;Sin serial ;Mouse - Bodg50-9051-900-0017 GMR ESC   ;sputnik;Compumax ;Equipo de Computo;0;Compumax;35;campus;Mouse;-
mou026;327;966217823;Sin serial ;Mouse - Bodg50-9051-900-0017 GMR ESC   ;sputnik;Compumax ;Equipo de Computo;0;Compumax;35;campus;Mouse;-
mou027;327;966217823;Sin serial ;Mouse - Bodg50-9051-900-0017 GMR ESC   ;sputnik;Compumax ;Equipo de Computo;0;Compumax;35;campus;Mouse;-
mou028;327;966217823;Sin serial ;Mouse - Bodg50-9051-900-0017 GMR ESC   ;sputnik;Compumax ;Equipo de Computo;0;Compumax;35;campus;Mouse;-
mou029;327;966217823;Sin serial ;Mouse - Bodg50-9051-900-0017 GMR ESC   ;sputnik;Compumax ;Equipo de Computo;0;Compumax;35;campus;Mouse;-
mou030;327;966217823;Sin serial ;Mouse - Bodg50-9051-900-0017 GMR ESC   ;sputnik;Compumax ;Equipo de Computo;0;Compumax;35;campus;Mouse;-
mou031;327;966217823;Sin serial ;Mouse - Bodg50-9051-900-0017 GMR ESC   ;sputnik;Compumax ;Equipo de Computo;0;Compumax;35;campus;Mouse;-
mou032;327;966217823;Sin serial ;Mouse - Bodg50-9051-900-0017 GMR ESC   ;sputnik;Compumax ;Equipo de Computo;0;Compumax;35;campus;Mouse;-
mou033;327;966217823;Sin serial ;Mouse - Bodg50-9051-900-0017 GMR ESC   ;sputnik;Compumax ;Equipo de Computo;0;Compumax;35;campus;Mouse;-
mou034;327;966217823;Sin serial ;Mouse - Bodg50-9051-900-0017 GMR ESC   ;sputnik;Compumax ;Equipo de Computo;0;Compumax;35;campus;Mouse;-
mou035;327;966217823;Sin serial ;Mouse - Bodg50-9051-900-0017 GMR ESC   ;sputnik;Compumax ;Equipo de Computo;0;Compumax;35;campus;Mouse;-
mou037;327;966217823;Sin serial ;Mouse-Bodg50-9048-900-0044 GMRESC R3;Apolo;Compumax ;Equipo de Computo;0;Compumax;35;campus;Mouse;-
mou038;327;966217823;Sin serial ;Mouse-Bodg50-9048-900-0044 GMRESC R3;Apolo;Compumax ;Equipo de Computo;0;Compumax;35;campus;Mouse;-
mou039;327;966217823;Sin serial ;Mouse-Bodg50-9048-900-0044 GMRESC R3;Apolo;Compumax ;Equipo de Computo;0;Compumax;35;campus;Mouse;-
mou040;327;966217823;Sin serial ;Mouse-Bodg50-9048-900-0044 GMRESC R3;Apolo;Compumax ;Equipo de Computo;0;Compumax;35;campus;Mouse;-
mou041;327;966217823;Sin serial ;Mouse-Bodg50-9048-900-0044 GMRESC R3;Apolo;Compumax ;Equipo de Computo;0;Compumax;35;campus;Mouse;-
mou042;327;966217823;Sin serial ;Mouse-Bodg50-9048-900-0044 GMRESC R3;Apolo;Compumax ;Equipo de Computo;0;Compumax;35;campus;Mouse;-
mou043;327;966217823;Sin serial ;Mouse-Bodg50-9048-900-0044 GMRESC R3;Apolo;Compumax ;Equipo de Computo;0;Compumax;35;campus;Mouse;-
mou044;327;966217823;Sin serial ;Mouse-Bodg50-9048-900-0044 GMRESC R3;Apolo;Compumax ;Equipo de Computo;0;Compumax;35;campus;Mouse;-
mou045;327;966217823;Sin serial ;Mouse-Bodg50-9048-900-0044 GMRESC R3;Apolo;Compumax ;Equipo de Computo;0;Compumax;35;campus;Mouse;-
mou046;327;966217823;Sin serial ;Mouse-Bodg50-9048-900-0044 GMRESC R3;Apolo;Compumax ;Equipo de Computo;0;Compumax;35;campus;Mouse;-
mou047;327;966217823;Sin serial ;Mouse-Bodg50-9048-900-0044 GMRESC R3;Apolo;Compumax ;Equipo de Computo;0;Compumax;35;campus;Mouse;-
mou048;327;966217823;Sin serial ;Mouse-Bodg50-9048-900-0044 GMRESC R3;Apolo;Compumax ;Equipo de Computo;0;Compumax;35;campus;Mouse;-
mou049;327;966217823;Sin serial ;Mouse-Bodg50-9048-900-0044 GMRESC R3;Apolo;Compumax ;Equipo de Computo;0;Compumax;35;campus;Mouse;-
mou050;327;966217823;Sin serial ;Mouse-Bodg50-9048-900-0044 GMRESC R3;Apolo;Compumax ;Equipo de Computo;0;Compumax;35;campus;Mouse;-
mou051;327;966217823;Sin serial ;Mouse-Bodg50-9048-900-0044 GMRESC R3;Apolo;Compumax ;Equipo de Computo;0;Compumax;35;campus;Mouse;-
mou052;327;966217823;Sin serial ;Mouse-Bodg50-9048-900-0044 GMRESC R3;Apolo;Compumax ;Equipo de Computo;0;Compumax;35;campus;Mouse;-
mou053;327;966217823;Sin serial ;Mouse-Bodg50-9048-900-0044 GMRESC R3;Apolo;Compumax ;Equipo de Computo;0;Compumax;35;campus;Mouse;-
mou054;327;966217823;Sin serial ;Mouse-Bodg50-9048-900-0044 GMRESC R3;Apolo;Compumax ;Equipo de Computo;0;Compumax;35;campus;Mouse;-
mou055;327;966217823;Sin serial ;Mouse-Bodg50-9048-900-0044 GMRESC R3;Apolo;Compumax ;Equipo de Computo;0;Compumax;35;campus;Mouse;-
mou056;327;966217823;Sin serial ;Mouse-Bodg50-9048-900-0044 GMRESC R3;Apolo;Compumax ;Equipo de Computo;0;Compumax;35;campus;Mouse;-
mou057;327;966217823;Sin serial ;Mouse-Bodg50-9048-900-0044 GMRESC R3;Apolo;Compumax ;Equipo de Computo;0;Compumax;35;campus;Mouse;-
mou058;327;966217823;Sin serial ;Mouse-Bodg50-9048-900-0044 GMRESC R3;Apolo;Compumax ;Equipo de Computo;0;Compumax;35;campus;Mouse;-
mou059;327;966217823;Sin serial ;Mouse-Bodg50-9048-900-0044 GMRESC R3;Apolo;Compumax ;Equipo de Computo;0;Compumax;35;campus;Mouse;-
mou060;327;966217823;Sin serial ;Mouse-Bodg50-9048-900-0044 GMRESC R3;Apolo;Compumax ;Equipo de Computo;0;Compumax;35;campus;Mouse;-
mou061;327;966217823;Sin serial ;Mouse-Bodg50-9048-900-0044 GMRESC R3;Apolo;Compumax ;Equipo de Computo;0;Compumax;35;campus;Mouse;-
mou062;327;966217823;Sin serial ;Mouse-Bodg50-9048-900-0044 GMRESC R3;Apolo;Compumax ;Equipo de Computo;0;Compumax;35;campus;Mouse;-
mou063;327;966217823;Sin serial ;Mouse-Bodg50-9048-900-0044 GMRESC R3;Apolo;Compumax ;Equipo de Computo;0;Compumax;35;campus;Mouse;-
mou064;327;966217823;Sin serial ;Mouse-Bodg50-9048-900-0044 GMRESC R3;Apolo;Compumax ;Equipo de Computo;0;Compumax;35;campus;Mouse;-
mou065;327;966217823;Sin serial ;Mouse-Bodg50-9048-900-0044 GMRESC R3;Apolo;Compumax ;Equipo de Computo;0;Compumax;35;campus;Mouse;-
mou066;327;966217823;Sin serial ;Mouse-Bodg50-9048-900-0044 GMRESC R3;Apolo;Compumax ;Equipo de Computo;0;Compumax;35;campus;Mouse;-
mou067;327;966217823;Sin serial ;Mouse-Bodg50-9048-900-0044 GMRESC R3;Apolo;Compumax ;Equipo de Computo;0;Compumax;35;campus;Mouse;-
mou068;327;966217823;Sin serial ;Mouse-Bodg50-9048-900-0044 GMRESC R3;Apolo;Compumax ;Equipo de Computo;0;Compumax;35;campus;Mouse;-
mou069;327;966217823;Sin serial ;Mouse-Bodg50-9048-900-0044 GMRESC R3;Apolo;Compumax ;Equipo de Computo;0;Compumax;35;campus;Mouse;-
mou070;327;966217823;Sin serial ;Mouse-Bodg50-9048-900-0044 GMRESC R3;Apolo;Compumax ;Equipo de Computo;0;Compumax;35;campus;Mouse;-
mou071;327;966217823;Sin serial ;Mouse-Bodg50-9048-900-0044 GMRESC R3;Artemis;Compumax ;Equipo de Computo;0;Compumax;35;campus;Mouse;-
mou072;327;966217823;Sin serial ;Mouse-Bodg50-9048-900-0044 GMRESC R3;Artemis;Compumax ;Equipo de Computo;0;Compumax;35;campus;Mouse;-
mou073;327;966217823;Sin serial ;Mouse-Bodg50-9048-900-0044 GMRESC R3;Artemis;Compumax ;Equipo de Computo;0;Compumax;35;campus;Mouse;-
mou074;327;966217823;Sin serial ;Mouse-Bodg50-9048-900-0044 GMRESC R3;Artemis;Compumax ;Equipo de Computo;0;Compumax;35;campus;Mouse;-
mou075;327;966217823;Sin serial ;Mouse-Bodg50-9048-900-0044 GMRESC R3;Artemis;Compumax ;Equipo de Computo;0;Compumax;35;campus;Mouse;-
mou076;327;966217823;Sin serial ;Mouse-Bodg50-9048-900-0044 GMRESC R3;Artemis;Compumax ;Equipo de Computo;0;Compumax;35;campus;Mouse;-
mou077;327;966217823;Sin serial ;Mouse-Bodg50-9048-900-0044 GMRESC R3;Artemis;Compumax ;Equipo de Computo;0;Compumax;35;campus;Mouse;-
mou078;327;966217823;Sin serial ;Mouse-Bodg50-9048-900-0044 GMRESC R3;Artemis;Compumax ;Equipo de Computo;0;Compumax;35;campus;Mouse;-
mou079;327;966217823;Sin serial ;Mouse-Bodg50-9048-900-0044 GMRESC R3;Artemis;Compumax ;Equipo de Computo;0;Compumax;35;campus;Mouse;-
mou080;327;966217823;Sin serial ;Mouse-Bodg50-9048-900-0044 GMRESC R3;Artemis;Compumax ;Equipo de Computo;0;Compumax;35;campus;Mouse;-
mou081;327;966217823;Sin serial ;Mouse-Bodg50-9048-900-0044 GMRESC R3;Artemis;Compumax ;Equipo de Computo;0;Compumax;35;campus;Mouse;-
mou082;327;966217823;Sin serial ;Mouse-Bodg50-9048-900-0044 GMRESC R3;Artemis;Compumax ;Equipo de Computo;0;Compumax;35;campus;Mouse;-
mou083;327;966217823;Sin serial ;Mouse-Bodg50-9048-900-0044 GMRESC R3;Artemis;Compumax ;Equipo de Computo;0;Compumax;35;campus;Mouse;-
mou084;327;966217823;Sin serial ;Mouse-Bodg50-9048-900-0044 GMRESC R3;Artemis;Compumax ;Equipo de Computo;0;Compumax;35;campus;Mouse;-
mou085;327;966217823;Sin serial ;Mouse-Bodg50-9048-900-0044 GMRESC R3;Artemis;Compumax ;Equipo de Computo;0;Compumax;35;campus;Mouse;-
mou086;327;966217823;Sin serial ;Mouse-Bodg50-9048-900-0044 GMRESC R3;Artemis;Compumax ;Equipo de Computo;0;Compumax;35;campus;Mouse;-
mou087;327;966217823;Sin serial ;Mouse-Bodg50-9048-900-0044 GMRESC R3;Artemis;Compumax ;Equipo de Computo;0;Compumax;35;campus;Mouse;-
mou088;327;966217823;Sin serial ;Mouse-Bodg50-9048-900-0044 GMRESC R3;Artemis;Compumax ;Equipo de Computo;0;Compumax;35;campus;Mouse;-
mou089;327;966217823;Sin serial ;Mouse-Bodg50-9048-900-0044 GMRESC R3;Artemis;Compumax ;Equipo de Computo;0;Compumax;35;campus;Mouse;-
mou090;327;966217823;Sin serial ;Mouse-Bodg50-9048-900-0044 GMRESC R3;Artemis;Compumax ;Equipo de Computo;0;Compumax;35;campus;Mouse;-
mou091;327;966217823;Sin serial ;Mouse-Bodg50-9048-900-0044 GMRESC R3;Artemis;Compumax ;Equipo de Computo;0;Compumax;35;campus;Mouse;-
mou092;327;966217823;Sin serial ;Mouse-Bodg50-9048-900-0044 GMRESC R3;Artemis;Compumax ;Equipo de Computo;0;Compumax;35;campus;Mouse;-
mou093;327;966217823;Sin serial ;Mouse-Bodg50-9048-900-0044 GMRESC R3;Artemis;Compumax ;Equipo de Computo;0;Compumax;35;campus;Mouse;-
mou094;327;966217823;Sin serial ;Mouse-Bodg50-9048-900-0044 GMRESC R3;Artemis;Compumax ;Equipo de Computo;0;Compumax;35;campus;Mouse;-
mou095;327;966217823;Sin serial ;Mouse-Bodg50-9048-900-0044 GMRESC R3;Artemis;Compumax ;Equipo de Computo;0;Compumax;35;campus;Mouse;-
mou096;327;966217823;Sin serial ;Mouse-Bodg50-9048-900-0044 GMRESC R3;Artemis;Compumax ;Equipo de Computo;0;Compumax;35;campus;Mouse;-
mou097;327;966217823;Sin serial ;Mouse-Bodg50-9048-900-0044 GMRESC R3;Artemis;Compumax ;Equipo de Computo;0;Compumax;35;campus;Mouse;-
mou098;327;966217823;Sin serial ;Mouse-Bodg50-9048-900-0044 GMRESC R3;Artemis;Compumax ;Equipo de Computo;0;Compumax;35;campus;Mouse;-
mou099;327;966217823;Sin serial ;Mouse-Bodg50-9048-900-0044 GMRESC R3;Artemis;Compumax ;Equipo de Computo;0;Compumax;35;campus;Mouse;-
mou100;327;966217823;Sin serial ;Mouse-Bodg50-9048-900-0044 GMRESC R3;Artemis;Compumax ;Equipo de Computo;0;Compumax;35;campus;Mouse;-
mou101;327;966217823;Sin serial ;Mouse-Bodg50-9048-900-0044 GMRESC R3;Artemis;Compumax ;Equipo de Computo;0;Compumax;35;campus;Mouse;-
mou102;327;966217823;Sin serial ;Mouse-Bodg50-9048-900-0044 GMRESC R3;Artemis;Compumax ;Equipo de Computo;0;Compumax;35;campus;Mouse;-
mou103;327;966217823;Sin serial ;Mouse - Bodg50 - 4051 -900 - 0005R5;Skylab;Compumax ;Equipo de Computo;0;Compumax;35;campus;Mouse;-
mou104;327;966217823;Sin serial ;Mouse - Bodg50 - 4051 -900 - 0005R5;Skylab;Compumax ;Equipo de Computo;0;Compumax;35;campus;Mouse;-
mou105;327;966217823;Sin serial ;Mouse - Bodg50 - 4051 -900 - 0005R5;Skylab;Compumax ;Equipo de Computo;0;Compumax;35;campus;Mouse;-
mou106;327;966217823;Sin serial ;Mouse - Bodg50 - 4051 -900 - 0005R5;Skylab;Compumax ;Equipo de Computo;0;Compumax;35;campus;Mouse;-
mou107;327;966217823;Sin serial ;Mouse - Bodg50 - 4051 -900 - 0005R5;Skylab;Compumax ;Equipo de Computo;0;Compumax;35;campus;Mouse;-
mou108;327;966217823;Sin serial ;Mouse - Bodg50 - 4051 -900 - 0005R5;Skylab;Compumax ;Equipo de Computo;0;Compumax;35;campus;Mouse;-
mou109;327;966217823;Sin serial ;Mouse - Bodg50 - 4051 -900 - 0005R5;Skylab;Compumax ;Equipo de Computo;0;Compumax;35;campus;Mouse;-
mou111;327;966217823;Sin serial ;Mouse - Bodg50 - 4051 -900 -0005R5;Skylab;Compumax ;Equipo de Computo;0;Compumax;35;campus;Mouse;-
mou112;327;966217823;Sin serial ;Mouse - Bodg50 - 4051 -900 - 0005R5;Skylab;Compumax ;Equipo de Computo;0;Compumax;35;campus;Mouse;-
mou113;327;966217823;Sin serial ;Mouse - Bodg50 - 4051 -900 - 0005R5;Skylab;Compumax ;Equipo de Computo;0;Compumax;35;campus;Mouse;-
mou114;327;966217823;Sin serial ;Mouse - Bodg50 - 4051 -900 - 0005R5;Skylab;Compumax ;Equipo de Computo;0;Compumax;35;campus;Mouse;-
mou115;327;966217823;Sin serial ;Mouse - Bodg50 - 4051 -900 - 0005R5;Skylab;Compumax ;Equipo de Computo;0;Compumax;35;campus;Mouse;-
mou116;327;966217823;Sin serial ;Mouse - Bodg50 - 4051 -900 - 0005R5;Skylab;Compumax ;Equipo de Computo;0;Compumax;35;campus;Mouse;-
mou117;327;966217823;Sin serial ;Mouse - Bodg50 - 4051 -900 - 0005R5;Skylab;Compumax ;Equipo de Computo;0;Compumax;35;campus;Mouse;-
mou118;327;966217823;Sin serial ;Mouse - Bodg50 - 4051 -900 - 0005R5;Skylab;Compumax ;Equipo de Computo;0;Compumax;35;campus;Mouse;-
mou119;327;966217823;Sin serial ;Mouse - Bodg50 - 4051 -900 - 0005R5;Skylab;Compumax ;Equipo de Computo;0;Compumax;35;campus;Mouse;-
mou120;327;966217823;Sin serial ;Mouse - Bodg50 - 4051 -900 - 0005R5;Skylab;Compumax ;Equipo de Computo;0;Compumax;35;campus;Mouse;-
mou121;327;966217823;Sin serial ;Mouse - Bodg50 - 4051 -900 - 0005R5;Skylab;Compumax ;Equipo de Computo;0;Compumax;35;campus;Mouse;-
mou122;327;966217823;Sin serial ;Mouse - Bodg50 - 4051 -900 - 0005R5;Skylab;Compumax ;Equipo de Computo;0;Compumax;35;campus;Mouse;-
mou123;327;966217823;Sin serial ;Mouse - Bodg50 - 4051 -900 - 0005R5;asesoria;Compumax ;Equipo de Computo;0;Compumax;35;campus;Mouse;-
tec001;327;966217823;KBM130091706;Teclado - Bodg50-9051-900-0017 GMR ESC   ;sputnik;Compumax ;Equipo de Computo;0;Compumax;100;campus;Teclado;-
tec002;327;966217823;KBM130090718;Teclado - Bodg50-9051-900-0017 GMR ESC   ;sputnik;Compumax ;Equipo de Computo;0;Compumax;100;campus;Teclado;-
tec003;327;966217823;KBM130090717;Teclado - Bodg50-9051-900-0017 GMR ESC   ;sputnik;Compumax ;Equipo de Computo;0;Compumax;100;campus;Teclado;-
tec004;327;966217823;KBM130090719;Teclado - Bodg50-9051-900-0017 GMR ESC   ;sputnik;Compumax ;Equipo de Computo;0;Compumax;100;campus;Teclado;-
tec005;327;966217823;KBM130091718;Teclado - Bodg50-9051-900-0017 GMR ESC   ;sputnik;Compumax ;Equipo de Computo;0;Compumax;100;campus;Teclado;-
tec006;327;966217823;KBM130091719;Teclado - Bodg50-9051-900-0017 GMR ESC   ;sputnik;Compumax ;Equipo de Computo;0;Compumax;100;campus;Teclado;-
tec007;327;966217823;KBM130091731;Teclado - Bodg50-9051-900-0017 GMR ESC   ;sputnik;Compumax ;Equipo de Computo;0;Compumax;100;campus;Teclado;-
tec008;327;966217823;KBM130091732;Teclado - Bodg50-9051-900-0017 GMR ESC   ;sputnik;Compumax ;Equipo de Computo;0;Compumax;100;campus;Teclado;-
tec009;327;966217823;KBM130090731;Teclado - Bodg50-9051-900-0017 GMR ESC   ;sputnik;Compumax ;Equipo de Computo;0;Compumax;100;campus;Teclado;-
tec010;327;966217823;KBM130090732;Teclado - Bodg50-9051-900-0017 GMR ESC   ;sputnik;Compumax ;Equipo de Computo;0;Compumax;100;campus;Teclado;-
tec011;327;966217823;KBM130091733;Teclado - Bodg50-9051-900-0017 GMR ESC   ;sputnik;Compumax ;Equipo de Computo;0;Compumax;100;campus;Teclado;-
tec012;327;966217823;KBM130090703;Teclado - Bodg50-9051-900-0017 GMR ESC   ;sputnik;Compumax ;Equipo de Computo;0;Compumax;100;campus;Teclado;-
tec013;327;966217823;KBM130090708;Teclado - Bodg50-9051-900-0017 GMR ESC   ;sputnik;Compumax ;Equipo de Computo;0;Compumax;100;campus;Teclado;-
tec014;327;966217823;KBM130091708;Teclado - Bodg50-9051-900-0017 GMR ESC   ;sputnik;Compumax ;Equipo de Computo;0;Compumax;100;campus;Teclado;-
tec015;327;966217823;KBM130091707;Teclado - Bodg50-9051-900-0017 GMR ESC   ;sputnik;Compumax ;Equipo de Computo;0;Compumax;100;campus;Teclado;-
tec016;327;966217823;KBM130090709;Teclado - Bodg50-9051-900-0017 GMR ESC   ;sputnik;Compumax ;Equipo de Computo;0;Compumax;100;campus;Teclado;-
tec017;327;966217823;KBM130091709;Teclado - Bodg50-9051-900-0017 GMR ESC   ;sputnik;Compumax ;Equipo de Computo;0;Compumax;100;campus;Teclado;-
tec018;327;966217823;KBM130090710;Teclado - Bodg50-9051-900-0017 GMR ESC   ;sputnik;Compumax ;Equipo de Computo;0;Compumax;100;campus;Teclado;-
tec019;327;966217823;KBM130091748;Teclado - Bodg50-9051-900-0017 GMR ESC   ;sputnik;Compumax ;Equipo de Computo;0;Compumax;100;campus;Teclado;-
tec020;327;966217823;KBM130090748;Teclado - Bodg50-9051-900-0017 GMR ESC   ;sputnik;Compumax ;Equipo de Computo;0;Compumax;100;campus;Teclado;-
tec021;327;966217823;KBM130090749;Teclado - Bodg50-9051-900-0017 GMR ESC   ;sputnik;Compumax ;Equipo de Computo;0;Compumax;100;campus;Teclado;-
tec022;327;966217823;KBM130090705;Teclado - Bodg50-9051-900-0017 GMR ESC   ;sputnik;Compumax ;Equipo de Computo;0;Compumax;100;campus;Teclado;-
tec023;327;966217823;KBM130090733;Teclado - Bodg50-9051-900-0017 GMR ESC   ;sputnik;Compumax ;Equipo de Computo;0;Compumax;100;campus;Teclado;-
tec024;327;966217823;KBM130091705;Teclado - Bodg50-9051-900-0017 GMR ESC   ;sputnik;Compumax ;Equipo de Computo;0;Compumax;100;campus;Teclado;-
tec025;327;966217823;KBM130091701;Teclado - Bodg50-9051-900-0017 GMR ESC   ;sputnik;Compumax ;Equipo de Computo;0;Compumax;100;campus;Teclado;-
tec026;327;966217823;KBM130091751;Teclado - Bodg50-9051-900-0017 GMR ESC   ;sputnik;Compumax ;Equipo de Computo;0;Compumax;100;campus;Teclado;-
tec027;327;966217823;KBM130090751;Teclado - Bodg50-9051-900-0017 GMR ESC   ;sputnik;Compumax ;Equipo de Computo;0;Compumax;100;campus;Teclado;-
tec028;327;966217823;KBM130091717;Teclado - Bodg50-9051-900-0017 GMR ESC   ;sputnik;Compumax ;Equipo de Computo;0;Compumax;100;campus;Teclado;-
tec029;327;966217823;KBM130090704;Teclado - Bodg50-9051-900-0017 GMR ESC   ;sputnik;Compumax ;Equipo de Computo;0;Compumax;100;campus;Teclado;-
tec030;327;966217823;KBM130091715;Teclado - Bodg50-9051-900-0017 GMR ESC   ;sputnik;Compumax ;Equipo de Computo;0;Compumax;100;campus;Teclado;-
tec031;327;966217823;UD18J2C00169;Teclado - Bodg50-9051-900-0017 GMR ESC   ;sputnik;Compumax ;Equipo de Computo;0;Compumax;100;campus;Teclado;-
tec032;327;966217823;KBM130090716;Teclado - Bodg50-9051-900-0017 GMR ESC   ;sputnik;Compumax ;Equipo de Computo;0;Compumax;100;campus;Teclado;-
tec033;327;966217823;KBM130090715;Teclado - Bodg50-9051-900-0017 GMR ESC   ;sputnik;Compumax ;Equipo de Computo;0;Compumax;100;campus;Teclado;-
tec034;327;966217823;KBM130091714;Teclado - Bodg50-9051-900-0017 GMR ESC   ;sputnik;Compumax ;Equipo de Computo;0;Compumax;100;campus;Teclado;-
tec035;327;966217823;KBM130090714;Teclado - Bodg50-9051-900-0017 GMR ESC   ;sputnik;Compumax ;Equipo de Computo;0;Compumax;100;campus;Teclado;-
tec037;327;966217823;KBM130091739;Teclado-Bodg50-9048-900-0044 GMRESC R3;Apolo;Compumax ;Equipo de Computo;0;Compumax;100;campus;Teclado;-
tec038;327;966217823;KBM130091743;Teclado-Bodg50-9048-900-0044 GMRESC R3;Apolo;Compumax ;Equipo de Computo;0;Compumax;100;campus;Teclado;-
tec039;327;966217823;KBM130090742;Teclado-Bodg50-9048-900-0044 GMRESC R3;Apolo;Compumax ;Equipo de Computo;0;Compumax;100;campus;Teclado;-
tec040;327;966217823;KBM130091742;Teclado-Bodg50-9048-900-0044 GMRESC R3;Apolo;Compumax ;Equipo de Computo;0;Compumax;100;campus;Teclado;-
tec041;327;966217823;KBM130090743;Teclado-Bodg50-9048-900-0044 GMRESC R3;Apolo;Compumax ;Equipo de Computo;0;Compumax;100;campus;Teclado;-
tec042;327;966217823;KBM130091710;Teclado-Bodg50-9048-900-0044 GMRESC R3;Apolo;Compumax ;Equipo de Computo;0;Compumax;100;campus;Teclado;-
tec043;327;966217823;KBM130090728;Teclado-Bodg50-9048-900-0044 GMRESC R3;Apolo;Compumax ;Equipo de Computo;0;Compumax;100;campus;Teclado;-
tec044;327;966217823;KBM130090729;Teclado-Bodg50-9048-900-0044 GMRESC R3;Apolo;Compumax ;Equipo de Computo;0;Compumax;100;campus;Teclado;-
tec045;327;966217823;KBM130091734;Teclado-Bodg50-9048-900-0044 GMRESC R3;Apolo;Compumax ;Equipo de Computo;0;Compumax;100;campus;Teclado;-
tec046;327;966217823;KBM130090735;Teclado-Bodg50-9048-900-0044 GMRESC R3;Apolo;Compumax ;Equipo de Computo;0;Compumax;100;campus;Teclado;-
tec047;327;966217823;KBM130090734;Teclado-Bodg50-9048-900-0044 GMRESC R3;Apolo;Compumax ;Equipo de Computo;0;Compumax;100;campus;Teclado;-
tec048;327;966217823;KBM130090750;Teclado-Bodg50-9048-900-0044 GMRESC R3;Apolo;Compumax ;Equipo de Computo;0;Compumax;100;campus;Teclado;-
tec049;327;966217823;KBM130091713;Teclado-Bodg50-9048-900-0044 GMRESC R3;Apolo;Compumax ;Equipo de Computo;0;Compumax;100;campus;Teclado;-
tec050;327;966217823;KBM130090713;Teclado-Bodg50-9048-900-0044 GMRESC R3;Apolo;Compumax ;Equipo de Computo;0;Compumax;100;campus;Teclado;-
tec051;327;966217823;KBM130091712;Teclado-Bodg50-9048-900-0044 GMRESC R3;Apolo;Compumax ;Equipo de Computo;0;Compumax;100;campus;Teclado;-
tec052;327;966217823;KBM130091711;Teclado-Bodg50-9048-900-0044 GMRESC R3;Apolo;Compumax ;Equipo de Computo;0;Compumax;100;campus;Teclado;-
tec053;327;966217823;KBM130090712;Teclado-Bodg50-9048-900-0044 GMRESC R3;Apolo;Compumax ;Equipo de Computo;0;Compumax;100;campus;Teclado;-
tec054;327;966217823;KBM130090711;Teclado-Bodg50-9048-900-0044 GMRESC R3;Apolo;Compumax ;Equipo de Computo;0;Compumax;100;campus;Teclado;-
tec055;327;966217823;KBM130091741;Teclado-Bodg50-9048-900-0044 GMRESC R3;Apolo;Compumax ;Equipo de Computo;0;Compumax;100;campus;Teclado;-
tec056;327;966217823;KBM130091740;Teclado-Bodg50-9048-900-0044 GMRESC R3;Apolo;Compumax ;Equipo de Computo;0;Compumax;100;campus;Teclado;-
tec057;327;966217823;KBM130090739;Teclado-Bodg50-9048-900-0044 GMRESC R3;Apolo;Compumax ;Equipo de Computo;0;Compumax;100;campus;Teclado;-
tec058;327;966217823;KBM130090741;Teclado-Bodg50-9048-900-0044 GMRESC R3;Apolo;Compumax ;Equipo de Computo;0;Compumax;100;campus;Teclado;-
tec059;327;966217823;KBM130091750;Teclado-Bodg50-9048-900-0044 GMRESC R3;Apolo;Compumax ;Equipo de Computo;0;Compumax;100;campus;Teclado;-
tec060;327;966217823;KBM130091749;Teclado-Bodg50-9048-900-0044 GMRESC R3;Apolo;Compumax ;Equipo de Computo;0;Compumax;100;campus;Teclado;-
tec061;327;966217823;KBM130090740;Teclado-Bodg50-9048-900-0044 GMRESC R3;Apolo;Compumax ;Equipo de Computo;0;Compumax;100;campus;Teclado;-
tec062;327;966217823;KBM130091728;Teclado-Bodg50-9048-900-0044 GMRESC R3;Apolo;Compumax ;Equipo de Computo;0;Compumax;100;campus;Teclado;-
tec063;327;966217823;KBM130090727;Teclado-Bodg50-9048-900-0044 GMRESC R3;Apolo;Compumax ;Equipo de Computo;0;Compumax;100;campus;Teclado;-
tec064;327;966217823;KBM130091727;Teclado-Bodg50-9048-900-0044 GMRESC R3;Apolo;Compumax ;Equipo de Computo;0;Compumax;100;campus;Teclado;-
tec065;327;966217823;KBM130091726;Teclado-Bodg50-9048-900-0044 GMRESC R3;Apolo;Compumax ;Equipo de Computo;0;Compumax;100;campus;Teclado;-
tec066;327;966217823;KBM130090725;Teclado-Bodg50-9048-900-0044 GMRESC R3;Apolo;Compumax ;Equipo de Computo;0;Compumax;100;campus;Teclado;-
tec067;327;966217823;KBM130090726;Teclado-Bodg50-9048-900-0044 GMRESC R3;Apolo;Compumax ;Equipo de Computo;0;Compumax;100;campus;Teclado;-
tec068;327;966217823;KBM130091752;Teclado-Bodg50-9048-900-0044 GMRESC R3;Apolo;Compumax ;Equipo de Computo;0;Compumax;100;campus;Teclado;-
tec069;327;966217823;KBM130090753;Teclado-Bodg50-9048-900-0044 GMRESC R3;Apolo;Compumax ;Equipo de Computo;0;Compumax;100;campus;Teclado;-
tec070;327;966217823;KBM130091753;Teclado-Bodg50-9048-900-0044 GMRESC R3;Apolo;Compumax ;Equipo de Computo;0;Compumax;100;campus;Teclado;-
tec071;327;966217823;KBM130090722;Teclado-Bodg50-9048-900-0044 GMRESC R3;Artemis;Compumax ;Equipo de Computo;0;Compumax;100;campus;Teclado;-
tec072;327;966217823;KBM130090723;Teclado-Bodg50-9048-900-0044 GMRESC R3;Artemis;Compumax ;Equipo de Computo;0;Compumax;100;campus;Teclado;-
tec073;327;966217823;KBM130091725;Teclado-Bodg50-9048-900-0044 GMRESC R3;Artemis;Compumax ;Equipo de Computo;0;Compumax;100;campus;Teclado;-
tec074;327;966217823;KBM130091737;Teclado-Bodg50-9048-900-0044 GMRESC R3;Artemis;Compumax ;Equipo de Computo;0;Compumax;100;campus;Teclado;-
tec075;327;966217823;KBM130091702;Teclado-Bodg50-9048-900-0044 GMRESC R3;Artemis;Compumax ;Equipo de Computo;0;Compumax;100;campus;Teclado;-
tec076;327;966217823;KBM130090737;Teclado-Bodg50-9048-900-0044 GMRESC R3;Artemis;Compumax ;Equipo de Computo;0;Compumax;100;campus;Teclado;-
tec077;327;966217823;KBM130090706;Teclado-Bodg50-9048-900-0044 GMRESC R3;Artemis;Compumax ;Equipo de Computo;0;Compumax;100;campus;Teclado;-
tec078;327;966217823;KBM130090707;Teclado-Bodg50-9048-900-0044 GMRESC R3;Artemis;Compumax ;Equipo de Computo;0;Compumax;100;campus;Teclado;-
tec079;327;966217823;KBM130091729;Teclado-Bodg50-9048-900-0044 GMRESC R3;Artemis;Compumax ;Equipo de Computo;0;Compumax;100;campus;Teclado;-
tec080;327;966217823;KBM130090730;Teclado-Bodg50-9048-900-0044 GMRESC R3;Artemis;Compumax ;Equipo de Computo;0;Compumax;100;campus;Teclado;-
tec081;327;966217823;KBM130091730;Teclado-Bodg50-9048-900-0044 GMRESC R3;Artemis;Compumax ;Equipo de Computo;0;Compumax;100;campus;Teclado;-
tec082;327;966217823;KBM130090296;Teclado-Bodg50-9048-900-0044 GMRESC R3;Artemis;Compumax ;Equipo de Computo;0;Compumax;100;campus;Teclado;-
tec083;327;966217823;KBM130090724;Teclado-Bodg50-9048-900-0044 GMRESC R3;Artemis;Compumax ;Equipo de Computo;0;Compumax;100;campus;Teclado;-
tec084;327;966217823;KBM130091724;Teclado-Bodg50-9048-900-0044 GMRESC R3;Artemis;Compumax ;Equipo de Computo;0;Compumax;100;campus;Teclado;-
tec085;327;966217823;KBM130091723;Teclado-Bodg50-9048-900-0044 GMRESC R3;Artemis;Compumax ;Equipo de Computo;0;Compumax;100;campus;Teclado;-
tec086;327;966217823;KBM130091720;Teclado-Bodg50-9048-900-0044 GMRESC R3;Artemis;Compumax ;Equipo de Computo;0;Compumax;100;campus;Teclado;-
tec087;327;966217823;KBM130090747;Teclado-Bodg50-9048-900-0044 GMRESC R3;Artemis;Compumax ;Equipo de Computo;0;Compumax;100;campus;Teclado;-
tec088;327;966217823;KBM130091736;Teclado-Bodg50-9048-900-0044 GMRESC R3;Artemis;Compumax ;Equipo de Computo;0;Compumax;100;campus;Teclado;-
tec089;327;966217823;KBM130090721;Teclado-Bodg50-9048-900-0044 GMRESC R3;Artemis;Compumax ;Equipo de Computo;0;Compumax;100;campus;Teclado;-
tec090;327;966217823;KBM130090720;Teclado-Bodg50-9048-900-0044 GMRESC R3;Artemis;Compumax ;Equipo de Computo;0;Compumax;100;campus;Teclado;-
tec091;327;966217823;KBM130091722;Teclado-Bodg50-9048-900-0044 GMRESC R3;Artemis;Compumax ;Equipo de Computo;0;Compumax;100;campus;Teclado;-
tec092;327;966217823;KBM130091721;Teclado-Bodg50-9048-900-0044 GMRESC R3;Artemis;Compumax ;Equipo de Computo;0;Compumax;100;campus;Teclado;-
tec093;327;966217823;KBM130090736;Teclado-Bodg50-9048-900-0044 GMRESC R3;Artemis;Compumax ;Equipo de Computo;0;Compumax;100;campus;Teclado;-
tec094;327;966217823;KBM130091738;Teclado-Bodg50-9048-900-0044 GMRESC R3;Artemis;Compumax ;Equipo de Computo;0;Compumax;100;campus;Teclado;-
tec095;327;966217823;KBM130090702;Teclado-Bodg50-9048-900-0044 GMRESC R3;Artemis;Compumax ;Equipo de Computo;0;Compumax;100;campus;Teclado;-
tec096;327;966217823;KBM130091745;Teclado-Bodg50-9048-900-0044 GMRESC R3;Artemis;Compumax ;Equipo de Computo;0;Compumax;100;campus;Teclado;-
tec097;327;966217823;KBM130090746;Teclado-Bodg50-9048-900-0044 GMRESC R3;Artemis;Compumax ;Equipo de Computo;0;Compumax;100;campus;Teclado;-
tec098;327;966217823;KBM130091746;Teclado-Bodg50-9048-900-0044 GMRESC R3;Artemis;Compumax ;Equipo de Computo;0;Compumax;100;campus;Teclado;-
tec099;327;966217823;KBM130091747;Teclado-Bodg50-9048-900-0044 GMRESC R3;Artemis;Compumax ;Equipo de Computo;0;Compumax;100;campus;Teclado;-
tec100;327;966217823;KBM130091744;Teclado-Bodg50-9048-900-0044 GMRESC R3;Artemis;Compumax ;Equipo de Computo;0;Compumax;100;campus;Teclado;-
tec101;327;966217823;KBM130090744;Teclado-Bodg50-9048-900-0044 GMRESC R3;Artemis;Compumax ;Equipo de Computo;0;Compumax;100;campus;Teclado;-
tec102;327;966217823;KBM130090752;Teclado-Bodg50-9048-900-0044 GMRESC R3;Artemis;Compumax ;Equipo de Computo;0;Compumax;100;campus;Teclado;-
tec103;327;966217823;CK440U-10923;Teclado - Bodg50 - 4051 -900 - 0005R5;Skylab;Compumax ;Equipo de Computo;0;Compumax;100;campus;Teclado;-
tec104;327;966217823;CK440U-10924;Teclado - Bodg50 - 4051 -900 - 0005R5;Skylab;Compumax ;Equipo de Computo;0;Compumax;100;campus;Teclado;-
tec105;327;966217823;CK440U-10925;Teclado - Bodg50 - 4051 -900 - 0005R5;Skylab;Compumax ;Equipo de Computo;0;Compumax;100;campus;Teclado;-
tec106;327;966217823;CK440U-10926;Teclado - Bodg50 - 4051 -900 - 0005R5;Skylab;Compumax ;Equipo de Computo;0;Compumax;100;campus;Teclado;-
tec107;327;966217823;CK440U-10927;Teclado - Bodg50 - 4051 -900 - 0005R5;Skylab;Compumax ;Equipo de Computo;0;Compumax;100;campus;Teclado;-
tec108;327;966217823;CK440U-10936;Teclado - Bodg50 - 4051 -900 - 0005R5;Skylab;Compumax ;Equipo de Computo;0;Compumax;100;campus;Teclado;-
tec109;327;966217823;CK440U-10937;Teclado - Bodg50 - 4051 -900 - 0005R5;Skylab;Compumax ;Equipo de Computo;0;Compumax;100;campus;Teclado;-
tec110;327;966217823;CK440U-10935;Teclado - Bodg50 - 4051 -900 - 0005R5;Skylab;Compumax ;Equipo de Computo;0;Compumax;100;campus;Teclado;-
tec111;327;966217823;CK440U-10974;Teclado - Bodg50 - 4051 -900 - 0005R5;Skylab;Compumax ;Equipo de Computo;0;Compumax;100;campus;Teclado;-
tec112;327;966217823;CK440U-10932;Teclado - Bodg50 - 4051 -900 - 0005R5;Skylab;Compumax ;Equipo de Computo;0;Compumax;100;campus;Teclado;-
tec113;327;966217823;CK440U-10934;Teclado - Bodg50 - 4051 -900 - 0005R5;Skylab;Compumax ;Equipo de Computo;0;Compumax;100;campus;Teclado;-
tec114;327;966217823;CK440U-10933;Teclado - Bodg50 - 4051 -900 - 0005R5;Skylab;Compumax ;Equipo de Computo;0;Compumax;100;campus;Teclado;-
tec115;327;966217823;CK440U-10928;Teclado - Bodg50 - 4051 -900 - 0005R5;Skylab;Compumax ;Equipo de Computo;0;Compumax;100;campus;Teclado;-
tec116;327;966217823;CK440U-11024;Teclado - Bodg50 - 4051 -900 - 0005R5;Skylab;Compumax ;Equipo de Computo;0;Compumax;100;campus;Teclado;-
tec117;327;966217823;CK440U-10931;Teclado - Bodg50 - 4051 -900 - 0005R5;Skylab;Compumax ;Equipo de Computo;0;Compumax;100;campus;Teclado;-
tec118;327;966217823;CK440U-11023;Teclado - Bodg50 - 4051 -900 - 0005R5;Skylab;Compumax ;Equipo de Computo;0;Compumax;100;campus;Teclado;-
tec119;327;966217823;CK440U-11026;Teclado - Bodg50 - 4051 -900 - 0005R5;Skylab;Compumax ;Equipo de Computo;0;Compumax;100;campus;Teclado;-
tec120;327;966217823;CK440U-11025;Teclado - Bodg50 - 4051 -900 - 0005R5;Skylab;Compumax ;Equipo de Computo;0;Compumax;100;campus;Teclado;-
tec121;327;966217823;CK440U-10930;Teclado - Bodg50 - 4051 -900 - 0005R5;Skylab;Compumax ;Equipo de Computo;0;Compumax;100;campus;Teclado;-
tec122;327;966217823;CK440U-10929;Teclado - Bodg50 - 4051 -900 - 0005R5;Skylab;Compumax ;Equipo de Computo;0;Compumax;100;campus;Teclado;-
tec123;327;966217823;CK440U-10760;Teclado - Bodg50 - 4051 -900 - 0005R5;asesoria;Compumax ;Equipo de Computo;0;Compumax;100;campus;Teclado;-
tec124;327;966217823;CK440U-10656;Teclado - Bodg50 - 4051 -900 - 0005R5;asesoria;Compumax ;Equipo de Computo;0;Compumax;100;campus;Teclado;-
